Selectivity,Sensitivity,Accuracy
0.9963369963369964,0.9963369963369964,0.9963369963369964
